{
 "model": "text-moderation-007",
 "results": [
  {
   "flagged": true,
   "categories": {
    "sexual": false,
    "hate": false,
    "harassment": true,
    "self-harm": false,
    "sexual/minors": false,
    "hate/threatening": false,
    "violence/graphic": false,
    "self-harm/intent": false,
    "self-harm/instructions": false,
    "harassment/threatening": true,
    "violence": true
   },
   "category_scores": {
    "sexual": 0.00005652703475789167,
    "hate": 0.016923146322369576,
    "harassment": 0.6126223206520081,
    "self-harm": 0.000041734736441867426,
    "sexual/minors": 7.674084656628111e-8,
    "hate/threatening": 0.07290972024202347,
    "violence/graphic": 0.0000579986663069576,
    "self-harm/intent": 0.000022005388018442318,
    "self-harm/instructions": 1.228419819199189e-7,
    "harassment/threatening": 0.6219515800476074,
    "violence": 0.9907705783843994
   }
  }
 ]
}
